{"cameraMode":{"drawMode":0,"name":"Shaded","section":"Shading Mode"},"sceneLighting":false,"audioPlay":false,"sceneViewState":{"showFog":true,"showMaterialUpdate":false,"showSkybox":true,"showFlares":true,"showImageEffects":true,"showParticleSystems":true},"in2DMode":false,"pivot":{"x":0.021656036376953126,"y":2.0952744483947756,"z":0.25379040837287905},"rotation":{"x":-0.055812984704971316,"y":0.7560915946960449,"z":-0.0650399848818779,"w":-0.6488308310508728},"size":10.41259765625,"orthographic":false}